{
  "CSFABETA": {
      "theta_mean": 283.09151432999704,
      "theta_std": 130.67924347883755,
      "phi_mean": 560.2743893141175,
      "phi_std": 273.37437425078485
  },
  "CSFPTAU": {
      "theta_mean": 66.75625000068302,
      "theta_std": 38.40123588021043,
      "phi_mean": 39.79849740932642,
      "phi_std": 20.057615362042704
  },
  "CSFTTAU": {
      "theta_mean": 516.2340540540541,
      "theta_std": 366.07673120099815,
      "phi_mean": 213.30148936170207,
      "phi_std": 198.59377150277575
  },
  "EntorhinalNorm": {
      "theta_mean": 0.0199999819999982,
      "theta_std": 2.210751726811212e-152,
      "phi_mean": 0.008704243594176956,
      "phi_std": 0.006030259750259703
  },
  "PHC_EXF": {
      "theta_mean": -0.4475589112094132,
      "theta_std": 0.7914553230952741,
      "phi_mean": 0.8099102711418686,
      "phi_std": 0.5640509865303649
  },
  "PHC_LAN": {
      "theta_mean": -0.436565431599901,
      "theta_std": 0.6451057452426804,
      "phi_mean": 1.0244599919303843,
      "phi_std": 0.5843691351480654
  },
  "PHC_MEM": {
      "theta_mean": -0.7385908526208154,
      "theta_std": 0.6208406341132668,
      "phi_mean": 0.9381603300457998,
      "phi_std": 0.5287738737171721
  },
  "HIP-FCI": {
    "theta_mean": 5,
    "theta_std": 6.666666666666667,
    "phi_mean": -5,
    "phi_std": 1.6666666666666667
  },
  "HIP-GMI": {
    "theta_mean": 0.3,
    "theta_std": 0.3333333333333333,
    "phi_mean": 0.4,
    "phi_std": 0.2333333333333333
  },
  "AVLT-Sum": {
    "theta_mean": 20,
    "theta_std": 6.666666666666667,
    "phi_mean": 40,
    "phi_std": 15.0
  },
  "PCC-FCI": {
    "theta_mean": 5,
    "theta_std": 3.3333333333333335,
    "phi_mean": 12,
    "phi_std": 4.0
  },
  "FUS-GMI": {
    "theta_mean": 0.5,
    "theta_std": 0.06666666666666667,
    "phi_mean": 0.6,
    "phi_std": 0.06666666666666667
  },
  "WholeBrainNorm": {
      "theta_mean": 2.000000180000018,
      "theta_std": 1.906446200363009e-150,
      "phi_mean": 1.0144774440849793,
      "phi_std": 0.528809345607097
  },
  "ptau_abeta": {
      "theta_mean": 0.2748490399656442,
      "theta_std": 0.20220178187350552,
      "phi_mean": 0.08952550148175603,
      "phi_std": 0.0836450570206961
  },
  "ttau_abeta": {
      "theta_mean": 1.889503569552523,
      "theta_std": 1.4412896800731556,
      "phi_mean": 0.39394844288356673,
      "phi_std": 0.3889103938677642
  }
}